{"acc": 0.7941984107865543, "loss": 0.16493136055502353, "_runtime": 4, "_timestamp": 1679849508, "_step": 7, "_wandb": {"runtime": 5}}